Date,stock price
2017-04-03,41.112091064453125
2017-04-04,39.61093521118164
2017-04-05,40.00802230834961
2017-04-06,40.40509033203125
2017-04-07,40.49226379394531
2017-04-10,40.98617935180664
2017-04-11,42.54544448852539
2017-04-12,42.574493408203125
2017-04-13,41.98371505737305
2017-04-17,42.83598327636719
2017-04-18,42.42922592163086
2017-04-19,43.00062561035156
2017-04-20,43.794776916503906
2017-04-21,43.72698974609375
2017-04-24,44.97633361816406
2017-04-25,45.14097213745117
2017-04-26,44.93759536743164
2017-04-27,42.59386444091797
2017-04-28,41.27672576904297
2017-05-01,40.753746032714844
2017-05-02,42.48733139038086
2017-05-03,42.5357551574707
2017-05-04,42.526065826416016
2017-05-05,43.10716247558594
2017-05-08,43.52360534667969
2017-05-09,45.596160888671875
2017-05-10,45.80921936035156
2017-05-11,45.07317352294922
2017-05-12,44.481136322021484
2017-05-15,45.306114196777344
2017-05-16,45.55846405029297
2017-05-17,43.5979118347168
2017-05-18,43.33585739135742
2017-05-19,43.88908767700195
2017-05-22,44.849945068359375
2017-05-23,45.286705017089844
2017-05-24,45.39345932006836
2017-05-25,46.60667419433594
2017-05-26,47.30548858642578
2017-05-30,46.54844284057617
2017-05-31,46.98519515991211
2017-06-01,47.60635757446289
2017-06-02,48.062530517578125
2017-06-05,48.27605056762695
2017-06-06,48.27605056762695
2017-06-07,49.36308670043945
2017-06-08,49.91631317138672
2017-06-09,48.79045486450195
2017-06-12,48.023704528808594
2017-06-13,47.99457931518555
2017-06-14,47.93634796142578
2017-06-15,47.66459655761719
2017-06-16,47.35401153564453
2017-06-19,48.19840621948242
2017-06-20,46.61637496948242
2017-06-21,47.004608154296875
2017-06-22,47.52871322631836
2017-06-23,47.19872283935547
2017-06-26,47.34429931640625
2017-06-27,47.07255172729492
2017-06-28,47.80047607421875
2017-06-29,48.159576416015625
2017-06-30,48.838985443115234
2017-07-03,48.906925201416016
2017-07-05,49.75131607055664
2017-07-06,50.518062591552734
2017-07-07,51.46921920776367
2017-07-10,51.110111236572266
2017-07-11,50.09101486206055
2017-07-12,52.216552734375
2017-07-13,52.226261138916016
2017-07-14,52.62419509887695
2017-07-17,52.28449630737305
2017-07-18,51.585689544677734
2017-07-19,51.061580657958984
2017-07-20,50.79952621459961
2017-07-21,50.38218307495117
2017-07-24,49.77072525024414
2017-07-25,49.120445251464844
2017-07-26,49.5086669921875
2017-07-27,48.52839660644531
2017-07-28,49.00397872924805
2017-07-31,48.9554557800293
2017-08-01,49.55720138549805
2017-08-02,48.96516036987305
2017-08-03,49.06221389770508
2017-08-04,49.30485153198242
2017-08-07,49.09132766723633
2017-08-08,48.52839660644531
2017-08-09,47.9460563659668
2017-08-10,47.21665573120117
2017-08-11,47.02214050292969
2017-08-14,47.469512939453125
2017-08-15,47.18748092651367
2017-08-16,47.08049774169922
2017-08-17,44.76586151123047
2017-08-18,44.29904556274414
2017-08-21,44.454654693603516
2017-08-22,44.16289520263672
2017-08-23,42.76244354248047
2017-08-24,41.74127960205078
2017-08-25,44.00728988647461
2017-08-28,43.71552658081055
2017-08-29,43.336238861083984
2017-08-30,43.10282897949219
2017-08-31,43.51129150390625
2017-09-01,44.06563949584961
2017-09-05,42.713809967041016
2017-09-06,43.09309387207031
2017-09-07,42.63600540161133
2017-09-08,42.40259552001953
2017-09-11,44.60053253173828
2017-09-12,45.01872253417969
2017-09-13,45.709224700927734
2017-09-14,44.921470642089844
2017-09-15,44.736690521240234
2017-09-18,44.06563949584961
2017-09-19,43.16118240356445
2017-09-20,44.17262268066406
2017-09-21,45.01872253417969
2017-09-22,45.767574310302734
2017-09-25,46.38999938964844
2017-09-26,46.27330017089844
2017-09-27,45.56333541870117
2017-09-28,46.185768127441406
2017-09-29,46.185768127441406
2017-10-02,46.41917037963867
2017-10-03,49.122825622558594
2017-10-04,49.33678436279297
2017-10-05,49.17145538330078
2017-10-06,49.89112854003906
2017-10-09,49.21035385131836
2017-10-10,51.57362365722656
2017-10-11,51.379119873046875
2017-10-12,51.20405960083008
2017-10-13,51.252681732177734
2017-10-16,50.83449172973633
2017-10-17,50.63998794555664
2017-10-18,50.6010856628418
2017-10-19,50.09535598754883
2017-10-20,50.50383758544922
2017-10-23,49.579925537109375
2017-10-24,50.52328109741211
2017-10-25,49.61882400512695
2017-10-26,47.27500915527344
2017-10-27,46.253849029541016
2017-10-30,45.952362060546875
2017-10-31,45.53416442871094
2017-11-01,46.526153564453125
2017-11-02,46.05934143066406
2017-11-03,46.14686584472656
2017-11-06,46.20521545410156
2017-11-07,45.184059143066406
2017-11-08,45.096527099609375
2017-11-09,44.513004302978516
2017-11-10,44.65919876098633
2017-11-13,44.58123016357422
2017-11-14,44.64945983886719
2017-11-15,45.99448776245117
2017-11-16,46.472084045410156
2017-11-17,46.18942642211914
2017-11-20,46.48183059692383
2017-11-21,47.41750717163086
2017-11-22,47.42724609375
2017-11-24,47.32979202270508
2017-11-27,47.193328857421875
2017-11-28,47.97306823730469
2017-11-29,48.00231170654297
2017-11-30,49.21089172363281
2017-12-01,47.758636474609375
2017-12-04,48.66508483886719
2017-12-05,48.216739654541016
2017-12-06,48.35319137573242
2017-12-07,49.59101104736328
2017-12-08,49.727474212646484
2017-12-11,50.000370025634766
2017-12-12,49.19140625
2017-12-13,48.82102966308594
2017-12-14,48.93798828125
2017-12-15,49.766456604003906
2017-12-18,50.18555450439453
2017-12-19,50.1368293762207
2017-12-20,50.60466384887695
2017-12-21,51.45262908935547
2017-12-22,51.257694244384766
2017-12-26,51.51110076904297
2017-12-27,51.072513580322266
2017-12-28,51.130985260009766
2017-12-29,50.711875915527344
2018-01-02,51.647560119628906
2018-01-03,51.01403045654297
2018-01-04,51.335670471191406
2018-01-05,51.31617736816406
2018-01-08,50.80934524536133
2018-01-09,50.760616302490234
2018-01-10,52.417545318603516
2018-01-11,54.990665435791016
2018-01-12,56.98872756958008
2018-01-16,56.51114273071289
2018-01-17,56.686580657958984
2018-01-18,56.86202621459961
2018-01-19,56.58911895751953
2018-01-22,56.62810134887695
2018-01-23,56.813289642333984
2018-01-24,53.40195083618164
2018-01-25,51.70603942871094
2018-01-26,51.725528717041016
2018-01-29,51.34541320800781
2018-01-30,51.257694244384766
2018-01-31,52.94386672973633
2018-02-01,52.5150146484375
2018-02-02,50.78010940551758
2018-02-05,48.5926513671875
2018-02-06,49.97934341430664
2018-02-07,50.194183349609375
2018-02-08,47.459869384765625
2018-02-09,47.225494384765625
2018-02-12,48.914913177490234
2018-02-13,49.676612854003906
2018-02-14,49.871925354003906
2018-02-15,50.457847595214844
2018-02-16,50.369956970214844
2018-02-20,50.50667953491211
2018-02-21,51.541805267333984
2018-02-22,51.73711395263672
2018-02-23,52.13749694824219
2018-02-26,53.70972442626953
2018-02-27,52.98708724975586
2018-02-28,52.977325439453125
2018-03-01,52.22538757324219
2018-03-02,51.93241882324219
2018-03-05,51.94218826293945
2018-03-06,52.31327819824219
2018-03-07,52.840606689453125
2018-03-08,53.50465774536133
2018-03-09,54.75463104248047
2018-03-12,55.174537658691406
2018-03-13,54.91087341308594
2018-03-14,53.983150482177734
2018-03-15,53.8757438659668
2018-03-16,54.100337982177734
2018-03-19,53.33863830566406
2018-03-20,54.022220611572266
2018-03-21,52.82107162475586
2018-03-22,51.08283233642578
2018-03-23,49.813331604003906
2018-03-26,50.64339065551758
2018-03-27,49.705909729003906
2018-03-28,49.65708541870117
2018-03-29,50.74104309082031
2018-04-02,48.612186431884766
2018-04-03,50.262542724609375
2018-04-04,50.81917190551758
2018-04-05,50.91682434082031
2018-04-06,49.11022186279297
2018-04-09,48.651248931884766
2018-04-10,46.346614837646484
2018-04-11,44.33494186401367
2018-04-12,45.47749710083008
2018-04-13,44.793914794921875
2018-04-16,45.31148147583008
2018-04-17,44.676727294921875
2018-04-18,46.63957214355469
2018-04-19,45.78022003173828
2018-04-20,45.682559967041016
2018-04-23,45.58491134643555
2018-04-24,44.618141174316406
2018-04-25,44.18845748901367
2018-04-26,41.37602233886719
2018-04-27,42.38186264038086
2018-04-30,41.922882080078125
2018-05-01,42.342796325683594
2018-05-02,41.24906921386719
2018-05-03,41.12211990356445
2018-05-04,41.85452651977539
2018-05-07,41.54130172729492
2018-05-08,42.08944320678711
2018-05-09,40.62120819091797
2018-05-10,41.149776458740234
2018-05-11,41.697914123535156
2018-05-14,41.560874938964844
2018-05-15,42.275421142578125
2018-05-16,43.12700271606445
2018-05-17,42.70610427856445
2018-05-18,42.461395263671875
2018-05-21,43.34233856201172
2018-05-22,41.97198486328125
2018-05-23,41.893680572509766
2018-05-24,42.6375846862793
2018-05-25,43.95899963378906
2018-05-29,42.66695022583008
2018-05-30,42.383087158203125
2018-05-31,42.61800765991211
2018-06-01,43.068267822265625
2018-06-04,43.910057067871094
2018-06-05,43.24445343017578
2018-06-06,43.254241943359375
2018-06-07,42.911659240722656
2018-06-08,42.19710922241211
2018-06-11,43.224884033203125
2018-06-12,42.490760803222656
2018-06-13,42.011138916015625
2018-06-14,42.167747497558594
2018-06-15,41.86431884765625
2018-06-18,41.54130172729492
2018-06-19,40.63099670410156
2018-06-20,41.139984130859375
2018-06-21,40.611419677734375
2018-06-22,40.47438049316406
2018-06-25,38.83974838256836
2018-06-26,38.262245178222656
2018-06-27,37.44982147216797
2018-06-28,37.39108657836914
2018-06-29,37.15616989135742
2018-07-02,37.547698974609375
2018-07-03,36.95060729980469
2018-07-05,37.1855354309082
2018-07-06,37.283416748046875
2018-07-09,38.47758102416992
2018-07-10,38.29160690307617
2018-07-11,35.19852066040039
2018-07-12,35.56068801879883
2018-07-13,36.33395767211914
2018-07-16,36.490570068359375
2018-07-17,36.58845520019531
2018-07-18,37.5574836730957
2018-07-19,37.322574615478516
2018-07-20,37.07786178588867
2018-07-23,37.234474182128906
2018-07-24,36.65696716308594
2018-07-25,37.38130187988281
2018-07-26,39.17254638671875
2018-07-27,38.849525451660156
2018-07-30,38.14478302001953
2018-07-31,38.70271301269531
2018-08-01,37.33235549926758
2018-08-02,37.12680435180664
2018-08-03,37.60643005371094
2018-08-06,37.69475555419922
2018-08-07,37.547550201416016
2018-08-08,37.66530990600586
2018-08-09,37.213871002197266
2018-08-10,36.566165924072266
2018-08-13,36.10491943359375
2018-08-14,36.399330139160156
2018-08-15,36.74281692504883
2018-08-16,37.449405670166016
2018-08-17,37.086299896240234
2018-08-20,39.24532699584961
2018-08-21,39.57899856567383
2018-08-22,38.46022415161133
2018-08-23,38.106937408447266
2018-08-24,38.09712219238281
2018-08-27,38.78408432006836
2018-08-28,39.93229675292969
2018-08-29,39.74583435058594
2018-08-30,39.64769744873047
2018-08-31,39.72620391845703
2018-09-04,40.010807037353516
2018-09-05,38.9312858581543
2018-09-06,37.76344680786133
2018-09-07,37.71438217163086
2018-09-10,38.69575881958008
2018-09-11,39.43179702758789
2018-09-12,38.52892303466797
2018-09-13,38.74482345581055
2018-09-14,38.9999885559082
2018-09-17,39.56918716430664
2018-09-18,40.03042984008789
2018-09-19,40.825347900390625
2018-09-20,41.10995101928711
2018-09-21,42.788108825683594
2018-09-24,41.19827651977539
2018-09-25,40.0500602722168
2018-09-26,40.275779724121094
2018-09-27,40.72721481323242
2018-09-28,40.56038284301758
2018-10-01,38.872406005859375
2018-10-02,37.7830810546875
2018-10-03,38.07748794555664
2018-10-04,37.213871002197266
2018-10-05,35.76142883300781
2018-10-08,35.23149108886719
2018-10-09,32.92525100708008
2018-10-10,31.021379470825195
2018-10-11,30.687707901000977
2018-10-12,30.334413528442383
2018-10-15,31.18821144104004
2018-10-16,32.6602783203125
2018-10-17,32.94488525390625
2018-10-18,31.46299934387207
2018-10-19,31.44337272644043
2018-10-22,31.561138153076172
2018-10-23,31.777040481567383
2018-10-24,29.7750301361084
2018-10-25,31.76722526550293
2018-10-26,31.85555076599121
2018-10-29,31.992937088012695
2018-10-30,34.014583587646484
2018-10-31,34.42676544189453
2018-11-01,35.69274139404297
2018-11-02,35.65348815917969
2018-11-05,35.151607513427734
2018-11-06,34.6103515625
2018-11-07,36.381710052490234
2018-11-08,36.27345657348633
2018-11-09,35.64365005493164
2018-11-12,36.27345657348633
2018-11-13,37.17881774902344
2018-11-14,37.503570556640625
2018-11-15,37.21818542480469
2018-11-16,36.16521072387695
2018-11-19,35.25000762939453
2018-11-20,35.02366638183594
2018-11-21,35.73221206665039
2018-11-23,37.34611511230469
2018-11-26,37.49372482299805
2018-11-27,37.68070602416992
2018-11-28,38.32036209106445
2018-11-29,37.808631896972656
2018-11-30,39.52095031738281
2018-12-03,39.019065856933594
2018-12-04,36.10616683959961
2018-12-06,36.3521842956543
2018-12-07,33.03581237792969
2018-12-10,33.301517486572266
2018-12-11,33.557376861572266
2018-12-12,33.80339813232422
2018-12-13,31.9434757232666
2018-12-14,31.894269943237305
2018-12-17,31.53015899658203
2018-12-18,33.00629425048828
2018-12-19,31.90411376953125
2018-12-20,31.382545471191406
2018-12-21,30.29020881652832
2018-12-24,29.2470760345459
2018-12-26,31.776182174682617
2018-12-27,31.53015899658203
2018-12-28,31.32349967956543
2018-12-31,31.59904670715332
2019-01-02,31.96316146850586
2019-01-03,29.5816650390625
2019-01-04,31.53015899658203
2019-01-07,32.425682067871094
2019-01-08,31.90411376953125
2019-01-09,32.8881950378418
2019-01-10,31.53015899658203
2019-01-11,31.293977737426758
2019-01-14,31.20541000366211
2019-01-15,31.589200973510742
2019-01-16,32.31742858886719
2019-01-17,33.045654296875
2019-01-18,33.42945098876953
2019-01-22,32.219024658203125
2019-01-23,31.146364212036133
2019-01-24,33.12438201904297
2019-01-25,34.42337417602539
2019-01-28,35.988075256347656
2019-01-29,35.712528228759766
2019-01-30,35.76173400878906
2019-01-31,35.2008056640625
2019-02-01,35.535396575927734
2019-02-04,36.19472885131836
2019-02-05,36.441429138183594
2019-02-06,36.27367401123047
2019-02-07,35.69147872924805
2019-02-08,35.52372360229492
2019-02-11,36.10592269897461
2019-02-12,35.27703857421875
2019-02-13,35.73094940185547
2019-02-14,35.63227462768555
2019-02-15,34.58629608154297
2019-02-19,35.0007438659668
2019-02-20,34.596168518066406
2019-02-21,34.5172233581543
2019-02-22,35.02047348022461
2019-02-25,35.425052642822266
2019-02-26,35.770423889160156
2019-02-27,35.21782684326172
2019-02-28,35.15862274169922
2019-03-01,34.18172073364258
2019-03-04,33.273895263671875
2019-03-05,32.790374755859375
2019-03-06,32.32659149169922
2019-03-07,31.79374122619629
2019-03-08,31.487838745117188
2019-03-11,31.62598419189453
2019-03-12,30.510936737060547
2019-03-13,31.418764114379883
2019-03-14,31.704931259155273
2019-03-15,31.014188766479492
2019-03-18,30.9648494720459
2019-03-19,31.17207145690918
2019-03-20,30.55040740966797
2019-03-21,31.033926010131836
2019-03-22,30.165565490722656
2019-03-25,29.81032943725586
2019-03-26,29.81032943725586
2019-03-27,30.530670166015625
2019-03-28,30.491199493408203
2019-03-29,31.33982276916504
2019-04-01,31.922016143798828
2019-04-02,32.553550720214844
2019-04-03,33.2640266418457
2019-04-04,33.48111343383789
2019-04-05,33.60939407348633
2019-04-08,33.4317741394043
2019-04-09,32.869319915771484
2019-04-10,33.569923400878906
2019-04-11,34.3494758605957
2019-04-12,34.23106002807617
2019-04-15,33.30349349975586
2019-04-16,33.57979202270508
2019-04-17,33.92516326904297
2019-04-18,33.9152946472168
2019-04-22,33.03706741333008
2019-04-23,33.520591735839844
2019-04-24,33.540321350097656
2019-04-25,32.96799087524414
2019-04-26,32.62262725830078
2019-04-29,33.32323455810547
2019-04-30,33.727806091308594
2019-05-01,33.46138000488281
2019-05-02,33.500850677490234
2019-05-03,34.32973861694336
2019-05-06,34.2902717590332
2019-05-07,33.55794906616211
2019-05-08,33.39960861206055
2019-05-09,33.5975341796875
2019-05-10,33.63711929321289
2019-05-13,31.806324005126953
2019-05-14,32.004249572753906
2019-05-15,31.826120376586914
2019-05-16,31.984455108642578
2019-05-17,31.410478591918945
2019-05-20,30.63857650756836
2019-05-21,30.97504425048828
2019-05-22,29.609373092651367
2019-05-23,29.19373321533203
2019-05-24,28.867158889770508
2019-05-28,28.431726455688477
2019-05-29,28.11505126953125
2019-05-30,27.877540588378906
2019-05-31,26.94729995727539
2019-06-03,26.917613983154297
2019-06-04,28.81768035888672
2019-06-05,30.0448055267334
2019-06-06,30.06459617614746
2019-06-07,30.59899139404297
2019-06-10,30.44065284729004
2019-06-11,30.26251983642578
2019-06-12,30.777122497558594
2019-06-13,32.7464599609375
2019-06-14,32.340721130371094
2019-06-17,32.22196578979492
2019-06-18,32.18238067626953
2019-06-19,32.86521530151367
2019-06-20,31.81622314453125
2019-06-21,31.24224281311035
2019-06-24,31.489646911621094
2019-06-25,30.93545913696289
2019-06-26,31.13338279724121
2019-06-27,31.81622314453125
2019-06-28,32.271446228027344
2019-07-01,32.53864669799805
2019-07-02,31.855806350708008
2019-07-03,32.38030242919922
2019-07-05,32.12300109863281
2019-07-08,32.449581146240234
2019-07-09,32.024044036865234
2019-07-10,32.598018646240234
2019-07-11,32.68708419799805
2019-07-12,33.429298400878906
2019-07-15,33.26106262207031
2019-07-16,33.86473083496094
2019-07-17,32.914695739746094
2019-07-18,33.38971710205078
2019-07-19,32.736572265625
2019-07-22,32.558433532714844
2019-07-23,33.379817962646484
2019-07-24,34.23088836669922
2019-07-25,31.341205596923828
2019-07-26,30.915668487548828
2019-07-29,30.42085838317871
2019-07-30,30.39116859436035
2019-07-31,30.193248748779297
2019-08-01,29.53020477294922
2019-08-02,29.14425277709961
2019-08-05,28.23380470275879
2019-08-06,28.164289474487305
2019-08-07,28.432422637939453
2019-08-08,28.87932014465332
2019-08-09,28.581390380859375
2019-08-12,27.449254989624023
2019-08-13,27.320154190063477
2019-08-14,25.919883728027344
2019-08-15,25.23464584350586
2019-08-16,25.612024307250977
2019-08-19,25.919883728027344
2019-08-20,25.65174674987793
2019-08-21,26.237674713134766
2019-08-22,26.34691619873047
2019-08-23,25.244577407836914
2019-08-26,25.016164779663086
2019-08-27,24.28127098083496
2019-08-28,25.15519905090332
2019-08-29,26.13836669921875
2019-08-30,26.128435134887695
2019-09-03,26.327054977416992
2019-09-04,26.81367301940918
2019-09-05,27.498912811279297
2019-09-06,27.598222732543945
2019-09-09,28.243736267089844
2019-09-10,28.919042587280273
2019-09-11,29.55462646484375
2019-09-12,29.73338508605957
2019-09-13,29.743314743041992
2019-09-16,27.578359603881836
2019-09-17,28.442354202270508
2019-09-18,28.402631759643555
2019-09-19,28.104700088500977
2019-09-20,27.79684066772461
2019-09-23,27.310222625732422
2019-09-24,26.81367301940918
2019-09-25,27.250638961791992
2019-09-26,27.002363204956055
2019-09-27,26.823604583740234
2019-09-30,26.78388023376465
2019-10-01,26.615053176879883
2019-10-02,25.194921493530273
2019-10-03,25.095611572265625
2019-10-04,25.65174674987793
2019-10-07,25.65174674987793
2019-10-08,26.078779220581055
2019-10-09,26.883190155029297
2019-10-10,26.992429733276367
2019-10-11,27.17119026184082
2019-10-14,27.42939567565918
2019-10-15,28.074909210205078
2019-10-16,27.856426239013672
2019-10-17,27.73725700378418
2019-10-18,28.025253295898438
2019-10-21,28.422494888305664
2019-10-22,28.064979553222656
2019-10-23,28.094772338867188
2019-10-24,29.207042694091797
2019-10-25,30.647037506103516
2019-10-28,31.143585205078125
2019-10-29,30.706621170043945
2019-10-30,30.080970764160156
2019-10-31,29.852556228637695
2019-11-01,30.349105834960938
2019-11-04,30.73641586303711
2019-11-05,31.06519889831543
2019-11-06,30.84600830078125
2019-11-07,30.77626609802246
2019-11-08,30.646745681762695
2019-11-11,30.477371215820312
2019-11-12,29.41131019592285
2019-11-13,28.554475784301758
2019-11-14,28.664072036743164
2019-11-15,28.753740310668945
2019-11-18,28.49469757080078
2019-11-19,29.182157516479492
2019-11-20,28.126060485839844
2019-11-21,27.827165603637695
2019-11-22,28.574403762817383
2019-11-25,28.88326072692871
2019-11-26,28.94304084777832
2019-11-27,28.84341049194336
2019-11-29,28.63418197631836
2019-12-02,27.976612091064453
2019-12-03,27.18952178955078
2019-12-04,27.27918815612793
2019-12-05,27.139705657958984
2019-12-06,27.627901077270508
2019-12-09,27.388784408569336
2019-12-10,26.900588989257812
2019-12-11,26.761104583740234
2019-12-12,27.617937088012695
2019-12-13,27.378820419311523
2019-12-16,27.817201614379883
2019-12-17,28.17587661743164
2019-12-18,27.896907806396484
2019-12-19,28.444881439208984
2019-12-20,28.93307876586914
2019-12-23,29.192119598388672
2019-12-24,29.07256317138672
2019-12-26,29.560758590698242
2019-12-27,28.33528709411621
2019-12-30,28.19580078125
2019-12-31,28.574403762817383
2020-01-02,28.982892990112305
2020-01-03,27.548194885253906
2020-01-06,27.219409942626953
2020-01-07,27.11977767944336
2020-01-08,27.73749542236328
2020-01-09,27.847091674804688
2020-01-10,27.219409942626953
2020-01-13,27.289152145385742
2020-01-14,27.428638458251953
2020-01-15,27.478452682495117
2020-01-16,28.126060485839844
2020-01-17,28.295433044433594
2020-01-21,27.099853515625
2020-01-22,27.219409942626953
2020-01-23,28.693960189819336
2020-01-24,27.538230895996094
2020-01-27,26.013866424560547
2020-01-28,26.80095672607422
2020-01-29,26.701324462890625
2020-01-30,27.617937088012695
2020-01-31,26.741178512573242
2020-02-03,27.059999465942383
2020-02-04,28.43000030517578
2020-02-05,29.100000381469727
2020-02-06,28.299999237060547
2020-02-07,28.3799991607666
2020-02-10,28.790000915527344
2020-02-11,29.84000015258789
2020-02-12,30.469999313354492
2020-02-13,30.09000015258789
2020-02-14,29.200000762939453
2020-02-18,28.6299991607666
2020-02-19,28.329999923706055
2020-02-20,28.510000228881836
2020-02-21,27.81999969482422
2020-02-24,25.450000762939453
2020-02-25,23.1200008392334
2020-02-26,22.309999465942383
2020-02-27,20.600000381469727
2020-02-28,19.049999237060547
2020-03-02,18.860000610351562
2020-03-03,17.850000381469727
2020-03-04,18.530000686645508
2020-03-05,16.040000915527344
2020-03-06,15.970000267028809
2020-03-09,14.75
2020-03-10,17.0
2020-03-11,16.260000228881836
2020-03-12,13.449999809265137
2020-03-13,14.3100004196167
2020-03-16,15.920000076293945
2020-03-17,15.579999923706055
2020-03-18,11.649999618530273
2020-03-19,10.289999961853027
2020-03-20,10.380000114440918
2020-03-23,10.25
2020-03-24,13.920000076293945
2020-03-25,15.390000343322754
2020-03-26,15.65999984741211
2020-03-27,14.039999961853027
2020-03-30,12.25
2020-03-31,12.1899995803833
2020-04-01,10.6899995803833
2020-04-02,10.0600004196167
2020-04-03,9.390000343322754
2020-04-06,9.5
2020-04-07,10.220000267028809
2020-04-08,11.329999923706055
2020-04-09,12.510000228881836
2020-04-13,11.5600004196167
2020-04-14,11.949999809265137
2020-04-15,12.289999961853027
2020-04-16,11.069999694824219
2020-04-17,11.569999694824219
2020-04-20,11.0600004196167
2020-04-21,11.0
2020-04-22,10.270000457763672
2020-04-23,10.25
2020-04-24,10.3100004196167
2020-04-27,10.020000457763672
2020-04-28,11.260000228881836
2020-04-29,12.630000114440918
2020-04-30,12.010000228881836
2020-05-01,10.640000343322754
2020-05-04,9.819999694824219
2020-05-05,9.510000228881836
2020-05-06,9.25
2020-05-07,9.539999961853027
2020-05-08,10.140000343322754
2020-05-11,10.100000381469727
2020-05-12,9.649999618530273
2020-05-13,9.109999656677246
2020-05-14,9.149999618530273
2020-05-15,9.039999961853027
2020-05-18,9.869999885559082
2020-05-19,9.640000343322754
2020-05-20,9.869999885559082
2020-05-21,9.890000343322754
2020-05-22,9.699999809265137
2020-05-26,11.140000343322754
2020-05-27,11.979999542236328
2020-05-28,10.979999542236328
2020-05-29,10.5
2020-06-01,11.109999656677246
2020-06-02,11.220000267028809
2020-06-03,11.850000381469727
2020-06-04,16.719999313354492
2020-06-05,18.59000015258789
2020-06-08,20.309999465942383
2020-06-09,18.549999237060547
2020-06-10,17.020000457763672
2020-06-11,14.380000114440918
2020-06-12,16.739999771118164
2020-06-15,16.700000762939453
2020-06-16,17.030000686645508
2020-06-17,16.979999542236328
2020-06-18,16.489999771118164
2020-06-19,16.0
2020-06-22,14.920000076293945
2020-06-23,14.0
2020-06-24,13.039999961853027
2020-06-25,13.170000076293945
2020-06-26,12.380000114440918
2020-06-29,13.319999694824219
2020-06-30,13.069999694824219
2020-07-01,12.8100004196167
2020-07-02,12.5
2020-07-06,12.800000190734863
2020-07-07,11.90999984741211
2020-07-08,11.989999771118164
2020-07-09,11.180000305175781
2020-07-10,11.9399995803833
2020-07-13,11.630000114440918
2020-07-14,11.569999694824219
2020-07-15,13.4399995803833
2020-07-16,12.449999809265137
2020-07-17,11.90999984741211
2020-07-20,11.470000267028809
2020-07-21,11.470000267028809
2020-07-22,11.359999656677246
2020-07-23,11.770000457763672
2020-07-24,11.390000343322754
2020-07-27,11.390000343322754
2020-07-28,11.770000457763672
2020-07-29,11.399999618530273
2020-07-30,11.180000305175781
2020-07-31,11.119999885559082
2020-08-03,11.079999923706055
2020-08-04,11.470000267028809
2020-08-05,12.5600004196167
2020-08-06,13.039999961853027
2020-08-07,13.029999732971191
2020-08-10,14.0
2020-08-11,13.729999542236328
2020-08-12,13.539999961853027
2020-08-13,13.300000190734863
2020-08-14,13.329999923706055
2020-08-17,12.619999885559082
2020-08-18,12.600000381469727
2020-08-19,12.680000305175781
2020-08-20,12.5
2020-08-21,12.15999984741211
2020-08-24,13.4399995803833
2020-08-25,13.140000343322754
2020-08-26,12.789999961853027
2020-08-27,13.279999732971191
2020-08-28,13.59000015258789
2020-08-31,13.050000190734863
2020-09-01,13.100000381469727
2020-09-02,13.229999542236328
2020-09-03,13.359999656677246
2020-09-04,13.609999656677246
2020-09-08,13.630000114440918
2020-09-09,13.050000190734863
2020-09-10,13.010000228881836
2020-09-11,12.949999809265137
2020-09-14,13.260000228881836
2020-09-15,13.140000343322754
2020-09-16,13.800000190734863
2020-09-17,13.630000114440918
2020-09-18,13.1899995803833
2020-09-21,12.210000038146973
2020-09-22,12.34000015258789
2020-09-23,11.930000305175781
2020-09-24,11.770000457763672
2020-09-25,12.289999961853027
2020-09-28,12.760000228881836
2020-09-29,12.25
2020-09-30,12.289999961853027
2020-10-01,12.579999923706055
2020-10-02,13.0
2020-10-05,13.119999885559082
2020-10-06,12.529999732971191
2020-10-07,13.069999694824219
2020-10-08,13.15999984741211
2020-10-09,13.199999809265137
2020-10-12,12.920000076293945
2020-10-13,12.220000267028809
2020-10-14,12.359999656677246
2020-10-15,12.229999542236328
2020-10-16,12.460000038146973
2020-10-19,12.5600004196167
2020-10-20,12.800000190734863
2020-10-21,12.75
2020-10-22,13.149999618530273
2020-10-23,12.600000381469727
2020-10-26,11.800000190734863
2020-10-27,11.229999542236328
2020-10-28,10.949999809265137
2020-10-29,11.15999984741211
2020-10-30,11.279999732971191
2020-11-02,11.1899995803833
2020-11-03,11.25
2020-11-04,11.010000228881836
2020-11-05,11.600000381469727
2020-11-06,11.460000038146973
2020-11-09,13.199999809265137
2020-11-10,12.380000114440918
2020-11-11,12.039999961853027
2020-11-12,11.739999771118164
2020-11-13,12.239999771118164
2020-11-16,12.789999961853027
2020-11-17,12.699999809265137
2020-11-18,12.739999771118164
2020-11-19,12.789999961853027
2020-11-20,12.529999732971191
2020-11-23,13.5600004196167
2020-11-24,14.819999694824219
2020-11-25,14.9399995803833
2020-11-27,14.979999542236328
2020-11-30,14.130000114440918
2020-12-01,14.270000457763672
2020-12-02,14.859999656677246
2020-12-03,16.09000015258789
2020-12-04,16.399999618530273
2020-12-07,17.209999084472656
2020-12-08,17.6299991607666
2020-12-09,17.15999984741211
2020-12-10,17.989999771118164
2020-12-11,17.049999237060547
2020-12-14,16.700000762939453
2020-12-15,17.010000228881836
2020-12-16,16.860000610351562
2020-12-17,16.799999237060547
2020-12-18,16.510000228881836
2020-12-21,16.100000381469727
2020-12-22,15.479999542236328
2020-12-23,15.890000343322754
2020-12-24,15.65999984741211
2020-12-28,16.059999465942383
2020-12-29,15.859999656677246
2020-12-30,16.149999618530273
2020-12-31,15.770000457763672
2021-01-04,15.130000114440918
2021-01-05,15.430000305175781
2021-01-06,15.520000457763672
2021-01-07,15.380000114440918
2021-01-08,15.130000114440918
2021-01-11,15.0
2021-01-12,15.380000114440918
2021-01-13,15.529999732971191
2021-01-14,16.440000534057617
2021-01-15,15.760000228881836
2021-01-19,15.970000267028809
2021-01-20,16.170000076293945
2021-01-21,15.829999923706055
2021-01-22,15.819999694824219
2021-01-25,15.430000305175781
2021-01-26,15.529999732971191
2021-01-27,16.559999465942383
2021-01-28,18.100000381469727
2021-01-29,17.170000076293945
2021-02-01,16.84000015258789
2021-02-02,16.59000015258789
2021-02-03,17.600000381469727
2021-02-04,17.399999618530273
2021-02-05,17.190000534057617
2021-02-08,17.770000457763672
2021-02-09,17.440000534057617
2021-02-10,17.40999984741211
2021-02-11,16.989999771118164
2021-02-12,17.270000457763672
2021-02-16,17.81999969482422
2021-02-17,17.989999771118164
2021-02-18,17.709999084472656
2021-02-19,18.68000030517578
2021-02-22,20.440000534057617
2021-02-23,20.65999984741211
2021-02-24,21.81999969482422
2021-02-25,20.860000610351562
2021-02-26,20.940000534057617
2021-03-01,21.18000030517578
2021-03-02,21.440000534057617
2021-03-03,22.170000076293945
2021-03-04,21.239999771118164
2021-03-05,20.450000762939453
2021-03-08,21.469999313354492
2021-03-09,21.600000381469727
2021-03-10,21.75
2021-03-11,22.149999618530273
2021-03-12,23.3700008392334
2021-03-15,25.170000076293945
2021-03-16,24.469999313354492
2021-03-17,25.15999984741211
2021-03-18,24.700000762939453
2021-03-19,24.969999313354492
2021-03-22,23.829999923706055
2021-03-23,22.270000457763672
2021-03-24,21.809999465942383
2021-03-25,22.770000457763672
2021-03-26,22.93000030517578
2021-03-29,22.90999984741211
2021-03-30,24.1200008392334
2021-03-31,23.899999618530273
2021-04-01,23.860000610351562
2021-04-05,24.229999542236328
2021-04-06,24.059999465942383
2021-04-07,23.93000030517578
2021-04-08,23.649999618530273
2021-04-09,23.540000915527344
2021-04-12,22.90999984741211
2021-04-13,22.559999465942383
2021-04-14,22.3700008392334
2021-04-15,22.1299991607666
2021-04-16,22.030000686645508
2021-04-19,21.549999237060547
2021-04-20,20.3700008392334
2021-04-21,21.010000228881836
2021-04-22,20.06999969482422
2021-04-23,21.110000610351562
2021-04-26,22.040000915527344
2021-04-27,21.760000228881836
2021-04-28,21.700000762939453
2021-04-29,21.299999237060547
2021-04-30,21.719999313354492
2021-05-03,21.950000762939453
2021-05-04,21.420000076293945
2021-05-05,21.56999969482422
2021-05-06,21.489999771118164
2021-05-07,22.0
2021-05-10,22.0
2021-05-11,21.56999969482422
2021-05-12,20.760000228881836
2021-05-13,21.209999084472656
2021-05-14,22.399999618530273
2021-05-17,23.350000381469727
2021-05-18,23.559999465942383
2021-05-19,22.969999313354492
2021-05-20,22.600000381469727
2021-05-21,22.56999969482422
2021-05-24,22.989999771118164
2021-05-25,23.209999084472656
2021-05-26,23.899999618530273
2021-05-27,24.43000030517578
2021-05-28,24.239999771118164
2021-06-01,24.670000076293945
2021-06-02,25.81999969482422
2021-06-03,24.93000030517578
2021-06-04,24.299999237060547
2021-06-07,24.25
2021-06-08,24.219999313354492
2021-06-09,23.850000381469727
2021-06-10,23.459999084472656
2021-06-11,23.530000686645508
2021-06-14,22.989999771118164
2021-06-15,22.790000915527344
2021-06-16,22.829999923706055
2021-06-17,22.229999542236328
2021-06-18,22.290000915527344
2021-06-21,22.450000762939453
2021-06-22,22.110000610351562
2021-06-23,22.200000762939453
2021-06-24,22.350000381469727
2021-06-25,22.219999313354492
2021-06-28,21.389999389648438
2021-06-29,21.079999923706055
2021-06-30,21.209999084472656
2021-07-01,21.510000228881836
2021-07-02,21.479999542236328
2021-07-06,21.010000228881836
2021-07-07,20.309999465942383
2021-07-08,20.350000381469727
2021-07-09,20.889999389648438
2021-07-12,20.84000015258789
2021-07-13,20.020000457763672
2021-07-14,20.6200008392334
2021-07-15,20.459999084472656
2021-07-16,19.790000915527344
2021-07-19,18.969999313354492
2021-07-20,20.559999465942383
2021-07-21,21.399999618530273
2021-07-22,21.15999984741211
2021-07-23,21.200000762939453
2021-07-26,22.079999923706055
2021-07-27,21.459999084472656
2021-07-28,21.6299991607666
2021-07-29,21.170000076293945
2021-07-30,20.3799991607666
2021-08-02,20.059999465942383
2021-08-03,19.950000762939453
2021-08-04,19.450000762939453
2021-08-05,20.90999984741211
2021-08-06,21.020000457763672
2021-08-09,20.559999465942383
2021-08-10,20.940000534057617
2021-08-11,21.229999542236328
2021-08-12,20.43000030517578
2021-08-13,19.84000015258789
2021-08-16,19.760000228881836
2021-08-17,19.34000015258789
2021-08-18,19.139999389648438
2021-08-19,18.729999542236328
2021-08-20,18.5
2021-08-23,19.110000610351562
2021-08-24,19.829999923706055
2021-08-25,20.149999618530273
2021-08-26,19.899999618530273
2021-08-27,20.219999313354492
2021-08-30,19.510000228881836
2021-08-31,19.940000534057617
2021-09-01,19.639999389648438
2021-09-02,19.760000228881836
2021-09-03,19.3700008392334
2021-09-07,19.530000686645508
2021-09-08,19.1299991607666
2021-09-09,20.200000762939453
2021-09-10,18.950000762939453
2021-09-13,19.309999465942383
2021-09-14,19.209999084472656
2021-09-15,19.3799991607666
2021-09-16,19.889999389648438
2021-09-17,19.729999542236328
2021-09-20,20.329999923706055
2021-09-21,19.760000228881836
2021-09-22,20.520000457763672
2021-09-23,20.899999618530273
2021-09-24,21.389999389648438
2021-09-27,21.469999313354492
2021-09-28,21.43000030517578
2021-09-29,21.010000228881836
2021-09-30,20.520000457763672
2021-10-01,21.649999618530273
2021-10-04,21.389999389648438
2021-10-05,21.469999313354492
2021-10-06,20.540000915527344
2021-10-07,20.170000076293945
2021-10-08,20.06999969482422
2021-10-11,20.1299991607666
2021-10-12,20.290000915527344
2021-10-13,19.610000610351562
2021-10-14,19.639999389648438
2021-10-15,19.979999542236328
2021-10-18,19.84000015258789
2021-10-19,19.530000686645508
2021-10-20,19.520000457763672
2021-10-21,19.889999389648438
2021-10-22,19.149999618530273
2021-10-25,19.229999542236328
2021-10-26,19.389999389648438
2021-10-27,19.030000686645508
2021-10-28,19.190000534057617
2021-10-29,19.200000762939453
2021-11-01,19.770000457763672
2021-11-02,19.829999923706055
2021-11-03,20.6299991607666
2021-11-04,20.6299991607666
2021-11-05,21.81999969482422
2021-11-08,22.25
2021-11-09,22.260000228881836
2021-11-10,21.56999969482422
2021-11-11,21.329999923706055
2021-11-12,20.290000915527344
2021-11-15,20.31999969482422
2021-11-16,19.84000015258789
2021-11-17,19.860000610351562
2021-11-18,19.389999389648438
2021-11-19,19.280000686645508
2021-11-22,19.6299991607666
2021-11-23,19.469999313354492
2021-11-24,19.459999084472656
2021-11-26,17.75
2021-11-29,17.739999771118164
2021-11-30,17.690000534057617
2021-12-01,16.280000686645508
2021-12-02,17.420000076293945
2021-12-03,16.6200008392334
2021-12-06,17.93000030517578
2021-12-07,17.889999389648438
2021-12-08,18.229999542236328
2021-12-09,18.139999389648438
2021-12-10,18.010000228881836
2021-12-13,17.1200008392334
2021-12-14,16.90999984741211
2021-12-15,16.989999771118164
2021-12-16,16.520000457763672
2021-12-17,16.950000762939453
2021-12-20,17.299999237060547
2021-12-21,18.1200008392334
2021-12-22,18.260000228881836
2021-12-23,18.260000228881836
2021-12-27,18.170000076293945
2021-12-28,18.540000915527344
2021-12-29,18.049999237060547
2021-12-30,18.06999969482422
2021-12-31,17.959999084472656
2022-01-03,18.75
2022-01-04,19.020000457763672
2022-01-05,18.68000030517578
2022-01-06,18.56999969482422
2022-01-07,19.280000686645508
2022-01-10,18.790000915527344
2022-01-11,19.020000457763672
2022-01-12,18.5
2022-01-13,19.34000015258789
2022-01-14,18.489999771118164
2022-01-18,17.899999618530273
2022-01-19,17.309999465942383
2022-01-20,16.760000228881836
2022-01-21,16.299999237060547
2022-01-24,16.40999984741211
2022-01-25,16.459999084472656
2022-01-26,16.239999771118164
2022-01-27,15.779999732971191
2022-01-28,15.640000343322754
2022-01-31,16.469999313354492
2022-02-01,16.829999923706055
2022-02-02,16.959999084472656
2022-02-03,16.56999969482422
2022-02-04,16.450000762939453
2022-02-07,17.280000686645508
2022-02-08,18.260000228881836
2022-02-09,18.760000228881836
2022-02-10,18.709999084472656
2022-02-11,17.610000610351562
2022-02-14,17.43000030517578
2022-02-15,18.84000015258789
2022-02-16,18.81999969482422
2022-02-17,18.219999313354492
2022-02-18,17.8700008392334
2022-02-22,17.43000030517578
2022-02-23,16.639999389648438
2022-02-24,16.959999084472656
2022-02-25,17.459999084472656
2022-02-28,17.25
2022-03-01,16.290000915527344
2022-03-02,16.3700008392334
2022-03-03,15.710000038146973
2022-03-04,14.59000015258789
2022-03-07,12.84000015258789
2022-03-08,13.510000228881836
2022-03-09,14.300000190734863
2022-03-10,14.199999809265137
2022-03-11,14.020000457763672
2022-03-14,14.25
2022-03-15,15.569999694824219
2022-03-16,16.469999313354492
2022-03-17,16.549999237060547
2022-03-18,16.75
2022-03-21,16.09000015258789
2022-03-22,16.559999465942383
2022-03-23,16.209999084472656
2022-03-24,16.719999313354492
2022-03-25,17.010000228881836
2022-03-28,17.299999237060547
2022-03-29,18.15999984741211
2022-03-30,18.049999237060547
2022-03-31,18.25
2022-04-01,18.239999771118164
2022-04-04,18.229999542236328
2022-04-05,17.84000015258789
2022-04-06,17.3799991607666
2022-04-07,16.950000762939453
2022-04-08,16.59000015258789
2022-04-11,16.969999313354492
2022-04-12,17.1299991607666
2022-04-13,18.950000762939453
2022-04-14,19.0
2022-04-18,18.540000915527344
2022-04-19,19.59000015258789
2022-04-20,19.479999542236328
2022-04-21,20.219999313354492
2022-04-22,20.18000030517578
2022-04-25,19.979999542236328
2022-04-26,18.770000457763672
2022-04-27,18.969999313354492
2022-04-28,19.43000030517578
2022-04-29,18.770000457763672
2022-05-02,18.559999465942383
2022-05-03,19.1299991607666
2022-05-04,19.6200008392334
2022-05-05,18.540000915527344
2022-05-06,17.84000015258789
2022-05-09,16.31999969482422
2022-05-10,16.56999969482422
2022-05-11,15.970000267028809
2022-05-12,15.489999771118164
2022-05-13,16.579999923706055
2022-05-16,16.549999237060547
2022-05-17,17.81999969482422
2022-05-18,16.889999389648438
2022-05-19,16.75
2022-05-20,16.260000228881836
2022-05-23,16.75
2022-05-24,15.5
2022-05-25,16.1299991607666
2022-05-26,17.239999771118164
2022-05-27,18.1299991607666
